test_run = require('test_run').new()
---
...
engine = test_run:get_cfg('engine')
---
...
box.sql.execute('pragma sql_default_engine=\''..engine..'\'')
---
- rowcount: 0
...
--
-- Check that original SQLite ON CONFLICT clause is really
-- disabled.
--
box.sql.execute("CREATE TABLE t (id INTEGER PRIMARY KEY, v INTEGER UNIQUE ON CONFLICT ABORT)")
---
- error: 'Failed to execute SQL statement: keyword "ON" is reserved'
...
box.sql.execute("CREATE TABLE q (id INTEGER PRIMARY KEY, v INTEGER UNIQUE ON CONFLICT FAIL)")
---
- error: 'Failed to execute SQL statement: keyword "ON" is reserved'
...
box.sql.execute("CREATE TABLE p (id INTEGER PRIMARY KEY, v INTEGER UNIQUE ON CONFLICT IGNORE)")
---
- error: 'Failed to execute SQL statement: keyword "ON" is reserved'
...
box.sql.execute("CREATE TABLE g (id INTEGER PRIMARY KEY, v INTEGER UNIQUE ON CONFLICT REPLACE)")
---
- error: 'Failed to execute SQL statement: keyword "ON" is reserved'
...
box.sql.execute("CREATE TABLE e (id INTEGER PRIMARY KEY ON CONFLICT REPLACE, v INTEGER)")
---
- error: 'Failed to execute SQL statement: keyword "ON" is reserved'
...
box.sql.execute("CREATE TABLE t1(a INT PRIMARY KEY ON CONFLICT REPLACE)")
---
- error: 'Failed to execute SQL statement: keyword "ON" is reserved'
...
box.sql.execute("CREATE TABLE t2(a INT PRIMARY KEY ON CONFLICT IGNORE)")
---
- error: 'Failed to execute SQL statement: keyword "ON" is reserved'
...
-- CHECK constraint is illegal with REPLACE option.
--
box.sql.execute("CREATE TABLE t (id INTEGER PRIMARY KEY, a INTEGER CHECK (a > 5) ON CONFLICT REPLACE);")
---
- error: 'Failed to execute SQL statement: keyword "ON" is reserved'
...
--
-- gh-3473: Primary key can't be declared with NULL.
--
box.sql.execute("CREATE TABLE te17 (s1 INT NULL PRIMARY KEY NOT NULL);")
---
- error: Primary index of the space 'TE17' can not contain nullable parts
...
box.sql.execute("CREATE TABLE te17 (s1 INT NULL PRIMARY KEY);")
---
- error: Primary index of the space 'TE17' can not contain nullable parts
...
box.sql.execute("CREATE TABLE test (a int PRIMARY KEY, b int NULL ON CONFLICT IGNORE);")
---
- error: 'SQL error: NULL declaration for column ''B'' of table ''TEST'' has been
    already set to ''none'''
...
box.sql.execute("CREATE TABLE test (a int, b int NULL, c int, PRIMARY KEY(a, b, c))")
---
- error: Primary index of the space 'TEST' can not contain nullable parts
...
-- Several NOT NULL REPLACE constraints work
--
box.sql.execute("CREATE TABLE a (id INT PRIMARY KEY, a INT NOT NULL ON CONFLICT REPLACE DEFAULT 1, b INT NOT NULL ON CONFLICT REPLACE DEFAULT 2);")
---
- rowcount: 1
...
box.sql.execute("INSERT INTO a VALUES(1, NULL, NULL);")
---
- rowcount: 1
...
box.sql.execute("INSERT INTO a VALUES(2, NULL, NULL);")
---
- rowcount: 1
...
box.sql.execute("SELECT * FROM a;")
---
- metadata:
  - name: ID
    type: INTEGER
  - name: A
    type: INTEGER
  - name: B
    type: INTEGER
  rows:
  - [1, 1, 2]
  - [2, 1, 2]
...
box.sql.execute("DROP TABLE a;")
---
- rowcount: 1
...
-- gh-3566: UPDATE OR IGNORE causes deletion of old entry.
--
box.sql.execute("CREATE TABLE tj (s0 INT PRIMARY KEY, s1 INT UNIQUE, s2 INT);")
---
- rowcount: 1
...
box.sql.execute("INSERT INTO tj VALUES (1, 1, 2), (2, 2, 3);")
---
- rowcount: 2
...
box.sql.execute("CREATE UNIQUE INDEX i ON tj (s2);")
---
- rowcount: 1
...
box.sql.execute("UPDATE OR IGNORE tj SET s1 = s1 + 1;")
---
- rowcount: 1
...
box.sql.execute("SELECT s1, s2 FROM tj;")
---
- metadata:
  - name: S1
    type: INTEGER
  - name: S2
    type: INTEGER
  rows:
  - [1, 2]
  - [3, 3]
...
box.sql.execute("UPDATE OR IGNORE tj SET s2 = s2 + 1;")
---
- rowcount: 1
...
box.sql.execute("SELECT s1, s2 FROM tj;")
---
- metadata:
  - name: S1
    type: INTEGER
  - name: S2
    type: INTEGER
  rows:
  - [1, 2]
  - [3, 4]
...
-- gh-3565: INSERT OR REPLACE causes assertion fault.
--
box.sql.execute("DROP TABLE tj;")
---
- rowcount: 1
...
box.sql.execute("CREATE TABLE tj (s1 INT PRIMARY KEY, s2 INT);")
---
- rowcount: 1
...
box.sql.execute("INSERT INTO tj VALUES (1, 2),(2, 3);")
---
- rowcount: 2
...
box.sql.execute("CREATE UNIQUE INDEX i ON tj (s2);")
---
- rowcount: 1
...
box.sql.execute("REPLACE INTO tj VALUES (1, 3);")
---
- rowcount: 3
...
box.sql.execute("SELECT * FROM tj;")
---
- metadata:
  - name: S1
    type: INTEGER
  - name: S2
    type: INTEGER
  rows:
  - [1, 3]
...
box.sql.execute("INSERT INTO tj VALUES (2, 4), (3, 5);")
---
- rowcount: 2
...
box.sql.execute("UPDATE OR REPLACE tj SET s2 = s2 + 1;")
---
- rowcount: 5
...
box.sql.execute("SELECT * FROM tj;")
---
- metadata:
  - name: S1
    type: INTEGER
  - name: S2
    type: INTEGER
  rows:
  - [1, 4]
  - [3, 6]
...
box.sql.execute("DROP TABLE tj;")
---
- rowcount: 1
...
